mpg,cylinders,displacement,horsepower,weight,acceleration,model year,origin,Car model
15,8,390,190,3850,8.5,70,1,amc 
24,4,107,90,2430,14.5,70,2,audi 
25,4,104,95,2375,17.5,70,2,saab 
19,6,232,100,2634,13,71,1,amc 
14,8,400,175,4464,11.5,71,1,pontiac 
13,8,400,170,4746,12,71,1,ford 
27,4,97,60,1834,19,71,2,volkswagen 
24,4,113,95,2278,15.5,72,3,toyota 
23,4,97,54,2254,23.5,72,2,volkswagen 
15,8,318,150,4135,13.5,72,1,plymouth 
13,8,350,155,4502,13.5,72,1,buick 
15,8,318,150,3777,12.5,73,1,dodge 
12,8,429,198,4952,11.5,73,1,mercury 
11,8,400,150,4997,14,73,1,chevrolet 
14,8,304,150,4257,15.5,74,1,amc 
28,4,90,75,2125,14.5,74,1,dodge 
16,8,318,150,4498,14.5,75,1,plymouth 
16,6,250,105,3897,18.5,75,1,chevroelt 
23,4,140,83,2639,17,75,1,ford 
24,4,119,97,2545,17,75,3,datsun 
17.5,8,305,140,4215,13,76,1,chevrolet 
24.5,4,98,60,2164,22.1,76,1,chevrolet 
19,6,225,100,3630,17.7,77,1,plymouth 
18.5,6,250,98,3525,19,77,1,ford 
30.5,4,97,78,2190,14.1,77,2,volkswagen 
22,6,146,97,2815,14.5,77,3,datsun 
36.1,4,98,66,1800,14.4,78,1,ford 
39.4,4,85,70,2070,18.6,78,3,datsun 
20.5,6,200,95,3155,18.2,78,1,chevrolet 
18.1,8,302,139,3205,11.2,78,1,ford 
21.1,4,134,95,2515,14.8,78,3,toyota 
17,6,163,125,3140,13.6,78,2,volvo 
16.5,8,351,138,3955,13.2,79,1,mercury 
15.5,8,351,142,4054,14.3,79,1,ford 
19.2,8,267,125,3605,15,79,1,chevrolet 
27.4,4,121,80,2670,15,79,1,amc 
25.4,5,183,77,3530,20.1,79,2,mercedes 
33.5,4,151,90,2556,13.2,79,1,pontiac 
41.5,4,98,76,2144,14.7,80,2,vw 
34.3,4,97,78,2188,15.8,80,2,audi 
44.3,4,90,48,2085,21.7,80,2,vw 
43.4,4,90,48,2335,23.7,80,2,vw 
36.4,5,121,67,2950,19.9,80,2,audi 
44.6,4,91,67,1850,13.8,80,3,honda 
35,4,122,88,2500,15.1,80,2,triumph 
27.2,4,135,84,2490,15.7,81,1,plymouth 
23.5,6,173,110,2725,12.6,81,1,chevrolet 
29.9,4,98,65,2380,20.7,81,1,ford 
22.4,6,231,110,3415,15.8,81,1,buick 
17.6,6,225,85,3465,16.6,81,1,chrysler 
36,4,98,70,2125,17.3,82,1,mercury 
32,4,91,67,1965,15.7,82,3,honda 
26,4,156,92,2585,14.5,82,1,chrysler 
44,4,97,52,2130,24.6,82,2,vw 
