housing_median_age,total_rooms,total_bedrooms,population,households,median_income,median_house_value
27.0,3144.0,722.0,1510.0,680.0,3.1597,214700.0
15.0,5114.0,833.0,2418.0,778.0,4.4882,144000.0
48.0,3421.0,734.0,1441.0,727.0,1.9485,86600.0
42.0,2690.0,589.0,1149.0,535.0,3.88,281100.0
30.0,4635.0,800.0,2307.0,754.0,3.6548,84700.0
43.0,1394.0,321.0,552.0,296.0,5.9596,500001.0
37.0,1475.0,327.0,946.0,295.0,1.6728,55400.0
9.0,3464.0,749.0,1687.0,645.0,3.3026,119100.0
13.0,3252.0,583.0,1546.0,557.0,5.8243,297900.0
25.0,3445.0,801.0,2400.0,750.0,3.4702,161900.0
47.0,921.0,264.0,881.0,221.0,1.4327,114100.0
19.0,2129.0,562.0,1323.0,525.0,2.9539,169900.0
39.0,2235.0,412.0,1268.0,402.0,2.6758,74600.0
13.0,2888.0,546.0,1182.0,504.0,6.0255,409300.0
26.0,3106.0,603.0,1396.0,576.0,3.1736,122200.0
32.0,1187.0,302.0,1003.0,275.0,2.4931,166900.0
35.0,1488.0,293.0,1112.0,288.0,4.4688,182500.0
32.0,3551.0,1037.0,1731.0,935.0,2.2017,208300.0
22.0,3328.0,550.0,1309.0,512.0,4.7105,266200.0
17.0,2548.0,537.0,1118.0,461.0,2.267,57800.0
22.0,5179.0,944.0,2315.0,884.0,4.51,189900.0
46.0,2009.0,464.0,761.0,453.0,3.7188,500001.0
32.0,3508.0,917.0,2794.0,839.0,1.554,100000.0
21.0,1091.0,208.0,660.0,188.0,2.2321,34600.0
13.0,4137.0,796.0,573.0,218.0,4.6394,226500.0
4.0,9761.0,1683.0,4970.0,1535.0,4.5266,142900.0
15.0,2407.0,589.0,1591.0,506.0,3.0513,148100.0
16.0,1085.0,217.0,356.0,232.0,2.3462,75000.0
26.0,4473.0,923.0,1518.0,805.0,5.0762,500001.0
31.0,2043.0,468.0,1524.0,454.0,3.5329,187400.0
30.0,1007.0,260.0,1112.0,238.0,1.7262,115600.0
23.0,2392.0,721.0,3074.0,718.0,2.5195,136900.0
38.0,5430.0,1176.0,2357.0,1100.0,3.654,249000.0
17.0,3172.0,506.0,1538.0,473.0,4.3125,168100.0
32.0,1856.0,472.0,703.0,292.0,1.1912,60000.0
4.0,3623.0,734.0,1129.0,530.0,5.7281,500001.0
34.0,1078.0,205.0,575.0,206.0,4.5083,188000.0
5.0,13096.0,2208.0,6780.0,2180.0,4.2775,138700.0
21.0,2453.0,518.0,1326.0,505.0,2.7079,148000.0
32.0,3400.0,826.0,3017.0,793.0,2.4607,155600.0
27.0,2229.0,365.0,1297.0,355.0,4.8304,279100.0
37.0,299.0,89.0,318.0,92.0,1.3125,145800.0
10.0,2815.0,431.0,1181.0,398.0,6.5743,278700.0
20.0,2372.0,835.0,2283.0,767.0,1.1707,62500.0
43.0,3171.0,665.0,1534.0,625.0,3.141,141400.0
36.0,2242.0,448.0,2052.0,447.0,3.4464,113000.0
46.0,2834.0,673.0,1175.0,670.0,4.7875,363800.0
30.0,2953.0,703.0,1406.0,580.0,2.6895,150000.0
7.0,2767.0,423.0,1143.0,382.0,3.6333,170200.0
14.0,1731.0,400.0,638.0,282.0,2.3179,57500.0
4.0,1646.0,321.0,859.0,300.0,5.5631,227800.0
45.0,1770.0,423.0,1410.0,389.0,3.0592,212500.0
46.0,1268.0,240.0,661.0,239.0,4.0742,229100.0
19.0,4261.0,678.0,2621.0,661.0,6.2427,288700.0
47.0,2986.0,627.0,1399.0,613.0,3.7455,247400.0
14.0,1800.0,362.0,874.0,373.0,4.2083,251000.0
50.0,1183.0,246.0,851.0,231.0,3.2639,142600.0
40.0,1868.0,356.0,799.0,403.0,2.9306,279300.0
27.0,1366.0,326.0,878.0,325.0,3.4,196900.0
47.0,2347.0,437.0,1219.0,420.0,5.3096,209900.0
27.0,4286.0,1071.0,2863.0,1033.0,3.3125,222800.0
34.0,981.0,313.0,508.0,304.0,2.2328,266700.0
18.0,1277.0,234.0,674.0,238.0,2.6694,75900.0
19.0,1793.0,447.0,1222.0,452.0,2.6862,195800.0
15.0,8948.0,1985.0,1316.0,514.0,2.7375,90800.0
37.0,2146.0,573.0,2009.0,592.0,3.6583,177300.0
34.0,1550.0,279.0,1011.0,288.0,4.5375,189000.0
23.0,1703.0,397.0,1333.0,361.0,1.3187,127100.0
36.0,1521.0,253.0,736.0,241.0,4.3542,237500.0
44.0,1877.0,314.0,877.0,320.0,6.8197,363600.0
35.0,2226.0,602.0,2230.0,549.0,2.9167,129300.0
13.0,1713.0,340.0,643.0,241.0,2.662,92400.0
7.0,1632.0,248.0,879.0,262.0,6.1237,166000.0
45.0,1818.0,408.0,1705.0,373.0,4.0441,157500.0
20.0,3109.0,712.0,1643.0,638.0,2.8344,164400.0
36.0,2559.0,469.0,1358.0,445.0,4.5568,201500.0
35.0,2028.0,554.0,2252.0,521.0,2.4643,182000.0
4.0,9089.0,1413.0,3886.0,1243.0,4.6904,174200.0
19.0,1596.0,295.0,1201.0,282.0,3.8846,100900.0
47.0,2423.0,407.0,1010.0,407.0,6.2154,362700.0
44.0,2465.0,328.0,843.0,324.0,6.9533,500001.0
18.0,2923.0,670.0,1751.0,656.0,3.2383,157000.0
15.0,3273.0,895.0,1872.0,842.0,2.5388,119000.0
23.0,602.0,135.0,409.0,123.0,3.5268,146400.0
17.0,2545.0,737.0,1468.0,699.0,1.9439,177700.0
41.0,1558.0,281.0,970.0,304.0,4.4167,215200.0
30.0,2506.0,394.0,1255.0,421.0,4.7813,198200.0
17.0,11999.0,2249.0,5467.0,1989.0,4.8405,354300.0
40.0,1166.0,250.0,976.0,244.0,1.95,84800.0
17.0,3341.0,803.0,3381.0,825.0,3.371,161800.0
20.0,64.0,21.0,59.0,21.0,2.2375,450000.0
39.0,1996.0,389.0,1029.0,387.0,4.65,224300.0
28.0,1272.0,259.0,519.0,220.0,3.2891,106300.0
50.0,1655.0,256.0,672.0,260.0,4.2554,194300.0
52.0,1885.0,401.0,764.0,373.0,4.0385,265700.0
9.0,6333.0,1355.0,3265.0,1265.0,3.0217,160900.0
52.0,1386.0,276.0,729.0,274.0,3.6694,275500.0
31.0,2237.0,431.0,1135.0,434.0,4.45,267900.0
18.0,1221.0,255.0,507.0,271.0,5.3679,228400.0
37.0,2894.0,659.0,1977.0,636.0,2.543,208100.0
42.0,443.0,223.0,582.0,223.0,2.2937,350000.0
22.0,922.0,240.0,1524.0,235.0,1.6815,218800.0
27.0,574.0,103.0,321.0,103.0,3.9107,186500.0
31.0,3073.0,674.0,1486.0,684.0,4.8984,311700.0
39.0,1419.0,262.0,661.0,278.0,3.0,114600.0
52.0,1494.0,610.0,1630.0,590.0,1.65,265000.0
17.0,5451.0,1008.0,3533.0,940.0,3.9191,101600.0
28.0,1471.0,259.0,673.0,246.0,3.25,81600.0
28.0,2612.0,602.0,1682.0,563.0,3.6417,204300.0
46.0,6429.0,1093.0,2535.0,1109.0,5.0887,335100.0
15.0,1635.0,553.0,1347.0,597.0,1.2745,92900.0
29.0,3795.0,675.0,2494.0,696.0,5.2848,260300.0
31.0,3347.0,589.0,1566.0,597.0,5.5151,286800.0
36.0,3157.0,582.0,1842.0,561.0,4.5833,190700.0
27.0,2510.0,783.0,3481.0,726.0,2.4875,157800.0
52.0,2618.0,611.0,1328.0,559.0,4.1607,350000.0
5.0,4332.0,868.0,1420.0,567.0,4.0417,146400.0
5.0,2618.0,539.0,1320.0,512.0,4.1053,171400.0
52.0,2332.0,433.0,1135.0,440.0,5.5658,331200.0
38.0,2265.0,801.0,2899.0,792.0,2.5521,157500.0
15.0,1713.0,246.0,766.0,232.0,6.8162,127200.0
41.0,2665.0,515.0,1664.0,512.0,2.375,113500.0
35.0,3133.0,541.0,1449.0,555.0,5.7295,346100.0
43.0,1536.0,371.0,1256.0,357.0,2.8,153300.0
21.0,2333.0,377.0,1073.0,332.0,4.8125,161100.0
36.0,1551.0,297.0,1100.0,322.0,5.1187,168100.0
18.0,2487.0,516.0,980.0,503.0,3.5506,187500.0
52.0,3065.0,622.0,1405.0,606.0,3.7813,275900.0
52.0,2509.0,496.0,855.0,478.0,5.0731,405400.0
14.0,2127.0,537.0,1338.0,475.0,3.628,188500.0
27.0,1839.0,392.0,1302.0,404.0,3.55,214600.0
16.0,2680.0,704.0,975.0,619.0,1.7878,55000.0
52.0,48.0,6.0,41.0,10.0,10.2264,112500.0
34.0,3004.0,673.0,5477.0,640.0,2.8342,187200.0
31.0,1494.0,289.0,959.0,284.0,3.5282,67500.0
33.0,2266.0,365.0,952.0,360.0,5.4349,143000.0
27.0,6336.0,1628.0,4673.0,1505.0,2.5893,183700.0
27.0,336.0,60.0,195.0,68.0,5.3946,71800.0
23.0,949.0,151.0,399.0,149.0,5.6286,411300.0
18.0,11544.0,1979.0,6296.0,1923.0,4.4904,150400.0
20.0,3111.0,623.0,1000.0,508.0,1.5982,140000.0
23.0,1881.0,380.0,64.0,37.0,3.875,125000.0
36.0,1327.0,209.0,613.0,230.0,3.8672,111400.0
28.0,3664.0,719.0,1820.0,657.0,4.225,224700.0
16.0,1917.0,317.0,1324.0,351.0,6.2488,252000.0
17.0,1620.0,396.0,878.0,399.0,1.8042,109200.0
10.0,1823.0,590.0,2176.0,548.0,1.5026,151800.0
37.0,1082.0,294.0,1146.0,265.0,2.0673,88500.0
36.0,2232.0,373.0,951.0,368.0,5.2261,303200.0
33.0,905.0,205.0,989.0,222.0,2.7014,108200.0
30.0,1722.0,490.0,1057.0,517.0,3.725,261300.0
37.0,1951.0,432.0,1089.0,411.0,2.3272,80600.0
16.0,1129.0,198.0,758.0,178.0,5.0346,174600.0
13.0,7065.0,1259.0,3864.0,1221.0,4.7472,148600.0
36.0,2110.0,416.0,1128.0,403.0,4.6019,208400.0
40.0,3070.0,570.0,1264.0,506.0,5.1626,432700.0
52.0,1709.0,318.0,719.0,295.0,5.0463,456300.0
23.0,1882.0,414.0,673.0,277.0,2.9091,141900.0
29.0,2755.0,508.0,2046.0,488.0,5.2034,212400.0
19.0,3562.0,530.0,1607.0,505.0,5.0162,283100.0
28.0,676.0,177.0,543.0,185.0,3.2361,187500.0
7.0,2837.0,776.0,2287.0,736.0,3.008,229000.0
36.0,1508.0,323.0,1283.0,312.0,2.1205,60000.0
39.0,614.0,174.0,538.0,159.0,2.3542,235700.0
38.0,2868.0,466.0,1098.0,438.0,7.9059,477100.0
52.0,2290.0,520.0,1278.0,485.0,3.8393,238200.0
16.0,2604.0,454.0,1696.0,481.0,4.6628,136000.0
27.0,1713.0,282.0,761.0,295.0,5.2081,136400.0
52.0,1900.0,290.0,665.0,276.0,4.5486,500001.0
28.0,2932.0,739.0,1198.0,624.0,3.2417,210800.0
39.0,1478.0,324.0,1127.0,320.0,3.525,158000.0
11.0,13796.0,2372.0,6000.0,2250.0,3.8776,124500.0
40.0,3838.0,696.0,1851.0,674.0,4.2407,262000.0
28.0,2094.0,585.0,1556.0,563.0,2.2,127700.0
25.0,287.0,57.0,118.0,50.0,2.3056,162500.0
39.0,1346.0,380.0,1520.0,356.0,1.1635,108700.0
30.0,3474.0,735.0,1674.0,691.0,2.5863,98300.0
36.0,1018.0,148.0,329.0,169.0,10.5045,500001.0
23.0,3220.0,603.0,1299.0,591.0,3.9261,213300.0
35.0,2790.0,447.0,1167.0,441.0,6.2028,361500.0
37.0,2247.0,416.0,1237.0,397.0,4.45,161900.0
35.0,2728.0,451.0,1290.0,452.0,3.2768,117600.0
22.0,2598.0,482.0,1151.0,490.0,2.8182,109700.0
40.0,2945.0,725.0,2858.0,690.0,3.2368,136900.0
52.0,2637.0,539.0,1159.0,497.0,3.8846,333100.0
6.0,6679.0,1164.0,3196.0,1157.0,5.4493,242600.0
17.0,4098.0,733.0,1859.0,713.0,2.9811,231800.0
50.0,2009.0,419.0,1130.0,402.0,3.1944,213500.0
7.0,2855.0,518.0,1748.0,498.0,4.2066,88400.0
52.0,1985.0,401.0,1337.0,424.0,4.1071,240900.0
15.0,3084.0,557.0,1040.0,562.0,2.5183,293300.0
28.0,2780.0,510.0,1638.0,533.0,2.9571,103100.0
23.0,1724.0,265.0,934.0,306.0,6.0783,229200.0
37.0,2638.0,546.0,1789.0,521.0,4.0071,244700.0
41.0,2136.0,549.0,986.0,557.0,2.7254,444400.0
31.0,1174.0,360.0,1161.0,328.0,1.06,56500.0
51.0,2690.0,554.0,1795.0,539.0,3.6581,225000.0
48.0,680.0,131.0,268.0,126.0,4.615,371400.0
33.0,662.0,183.0,607.0,181.0,1.3929,55600.0
26.0,1649.0,522.0,1332.0,483.0,3.1004,257100.0
21.0,5031.0,1168.0,2461.0,1042.0,3.875,179300.0
21.0,2471.0,677.0,1486.0,689.0,3.9038,243800.0
21.0,1899.0,447.0,1133.0,391.0,1.8636,67900.0
37.0,1665.0,335.0,1011.0,343.0,4.8703,185100.0
48.0,1408.0,295.0,891.0,269.0,3.8333,296300.0
33.0,1453.0,326.0,1609.0,319.0,3.7578,155800.0
12.0,2272.0,304.0,840.0,305.0,8.9669,213900.0
34.0,2959.0,639.0,1143.0,593.0,6.348,500001.0
44.0,2023.0,325.0,992.0,326.0,4.6667,175600.0
16.0,50.0,10.0,20.0,6.0,2.625,137500.0
41.0,1476.0,286.0,1086.0,278.0,2.4632,111700.0
31.0,1761.0,515.0,1810.0,468.0,1.9309,173400.0
10.0,629.0,140.0,635.0,146.0,2.2961,126700.0
36.0,2223.0,370.0,1039.0,370.0,5.7942,257000.0
12.0,9831.0,1921.0,4644.0,1775.0,3.1142,112600.0
20.0,1143.0,346.0,578.0,298.0,2.2411,151800.0
19.0,2500.0,509.0,1293.0,494.0,2.035,55100.0
14.0,2021.0,396.0,696.0,367.0,7.1673,340700.0
35.0,924.0,349.0,1376.0,358.0,2.2297,262500.0
44.0,2261.0,555.0,1348.0,455.0,1.9125,97200.0
8.0,4711.0,963.0,3310.0,988.0,3.5488,101600.0
30.0,950.0,317.0,1073.0,280.0,1.8664,107800.0
19.0,1310.0,241.0,702.0,217.0,2.4375,78200.0
35.0,3997.0,762.0,2074.0,703.0,3.285,138100.0
16.0,1245.0,231.0,956.0,219.0,3.4559,108000.0
35.0,1359.0,359.0,655.0,341.0,2.5568,312500.0
17.0,1220.0,275.0,800.0,261.0,1.9181,118800.0
34.0,1354.0,325.0,922.0,304.0,2.1875,58000.0
30.0,1631.0,310.0,665.0,297.0,6.8443,492500.0
8.0,2649.0,340.0,1238.0,354.0,8.0409,337900.0
19.0,1931.0,509.0,855.0,394.0,2.6979,266700.0
22.0,2078.0,431.0,1336.0,456.0,2.2202,65200.0
11.0,5684.0,1139.0,3095.0,1036.0,3.6875,112600.0
44.0,1325.0,245.0,669.0,253.0,4.4211,324000.0
40.0,2124.0,449.0,643.0,341.0,5.5164,369100.0
35.0,3259.0,967.0,2003.0,920.0,3.2708,400000.0
48.0,732.0,149.0,486.0,139.0,2.5673,68200.0
19.0,4702.0,1472.0,2636.0,1334.0,3.3955,225000.0
43.0,1610.0,412.0,1409.0,365.0,1.7574,51700.0
13.0,4452.0,949.0,2740.0,937.0,3.1964,141500.0
16.0,1800.0,238.0,871.0,234.0,6.6678,301900.0
21.0,2030.0,318.0,910.0,311.0,7.8453,343300.0
30.0,1790.0,556.0,1827.0,520.0,1.7562,181300.0
48.0,1157.0,247.0,677.0,218.0,2.8594,127200.0
24.0,1014.0,185.0,606.0,194.0,4.1607,112800.0
31.0,987.0,267.0,619.0,250.0,2.9286,151800.0
38.0,1764.0,397.0,987.0,354.0,2.4333,98200.0
44.0,2131.0,360.0,1040.0,330.0,5.0912,169800.0
31.0,3062.0,596.0,1263.0,539.0,3.0875,291500.0
38.0,1001.0,228.0,597.0,226.0,2.2788,73400.0
23.0,4138.0,1171.0,3911.0,1068.0,3.0125,181700.0
20.0,3214.0,446.0,1360.0,463.0,5.2595,110900.0
18.0,123.0,28.0,121.0,26.0,3.0417,137500.0
43.0,818.0,193.0,494.0,179.0,2.4776,101600.0
40.0,756.0,122.0,371.0,130.0,5.0299,329200.0
35.0,643.0,117.0,331.0,134.0,3.0417,120700.0
2.0,6992.0,1132.0,2816.0,984.0,4.3879,144400.0
35.0,2245.0,393.0,783.0,402.0,4.1544,500001.0
34.0,760.0,174.0,723.0,198.0,5.3169,227600.0
38.0,2407.0,630.0,1774.0,562.0,1.5615,108600.0
35.0,3269.0,757.0,2328.0,705.0,2.5898,76300.0
52.0,1674.0,346.0,734.0,335.0,3.8864,281300.0
14.0,1582.0,301.0,851.0,273.0,3.45,164100.0
35.0,2235.0,390.0,1148.0,416.0,4.869,221600.0
29.0,2767.0,612.0,1437.0,587.0,2.8306,142900.0
44.0,431.0,195.0,682.0,212.0,3.2833,233300.0
29.0,1243.0,312.0,836.0,277.0,1.8355,74200.0
52.0,3505.0,745.0,1374.0,714.0,4.3667,500001.0
17.0,3208.0,617.0,2286.0,602.0,5.2937,238000.0
48.0,3939.0,860.0,1257.0,571.0,2.1165,98700.0
12.0,2165.0,437.0,792.0,386.0,5.2648,294400.0
34.0,2141.0,425.0,1559.0,429.0,4.2036,220100.0
45.0,531.0,164.0,722.0,166.0,2.1406,162500.0
52.0,3519.0,711.0,1883.0,706.0,3.4861,187100.0
16.0,2118.0,333.0,770.0,318.0,7.2477,376000.0
21.0,1214.0,192.0,500.0,185.0,7.598,347800.0
23.0,2542.0,772.0,1720.0,675.0,3.8703,137000.0
39.0,1420.0,272.0,645.0,277.0,4.125,232500.0
35.0,3405.0,779.0,1953.0,671.0,2.7813,159200.0
32.0,3756.0,662.0,1611.0,598.0,3.8667,189700.0
33.0,2178.0,445.0,1153.0,400.0,3.6083,212000.0
34.0,4453.0,682.0,1805.0,672.0,5.6038,451300.0
36.0,2649.0,542.0,1111.0,557.0,4.8056,345700.0
20.0,1743.0,340.0,1390.0,336.0,2.2222,52900.0
22.0,393.0,58.0,134.0,57.0,3.95,178100.0
19.0,771.0,103.0,376.0,108.0,6.6272,273600.0
39.0,854.0,242.0,389.0,228.0,3.125,237500.0
35.0,1604.0,334.0,904.0,337.0,4.7411,336400.0
44.0,364.0,102.0,339.0,98.0,2.483,214300.0
36.0,2658.0,626.0,1490.0,529.0,1.2157,57000.0
35.0,2865.0,460.0,1072.0,443.0,7.4882,319300.0
17.0,1944.0,394.0,384.0,172.0,1.6875,111500.0
37.0,3242.0,698.0,1080.0,629.0,3.901,432500.0
34.0,3214.0,899.0,3086.0,808.0,2.0057,189400.0
8.0,2378.0,638.0,1410.0,623.0,2.9097,152500.0
16.0,1982.0,280.0,1030.0,297.0,6.4339,289200.0
34.0,1500.0,337.0,674.0,282.0,2.515,110800.0
4.0,6102.0,1114.0,3406.0,1115.0,3.4213,84500.0
52.0,1086.0,349.0,589.0,361.0,2.5186,250000.0
50.0,2189.0,460.0,1097.0,469.0,2.4583,120900.0
